{"cameraMode":{"drawMode":0,"name":"Shaded","section":"Shading Mode"},"sceneLighting":false,"audioPlay":false,"sceneViewState":{"m_AlwaysRefresh":false,"showFog":true,"showSkybox":false,"showFlares":true,"showImageEffects":true,"showParticleSystems":true,"showVisualEffectGraphs":true,"m_FxEnabled":true},"in2DMode":false,"pivot":{"x":1.0066834688186646,"y":-0.21289503574371339,"z":1.045518398284912},"rotation":{"x":-0.008691432885825634,"y":0.9821295142173767,"z":-0.18207770586013795,"w":-0.04688252508640289},"size":9.779054641723633,"orthographic":false}