{"cameraMode":{"drawMode":0,"name":"Shaded","section":"Shading Mode"},"sceneLighting":false,"audioPlay":false,"sceneViewState":{"m_AlwaysRefresh":false,"showFog":true,"showSkybox":false,"showFlares":true,"showImageEffects":true,"showParticleSystems":true,"showVisualEffectGraphs":true,"m_FxEnabled":true},"in2DMode":false,"pivot":{"x":0.43216803669929507,"y":0.1829424798488617,"z":-0.11355221271514893},"rotation":{"x":-0.02856574021279812,"y":0.9696366786956787,"z":-0.19939008355140687,"w":-0.1388133317232132},"size":0.8243505954742432,"orthographic":false}