{"cameraMode":{"drawMode":0,"name":"Shaded","section":"Shading Mode"},"sceneLighting":false,"audioPlay":false,"sceneViewState":{"m_AlwaysRefresh":false,"showFog":true,"showSkybox":false,"showFlares":true,"showImageEffects":true,"showParticleSystems":true,"showVisualEffectGraphs":true,"m_FxEnabled":true},"in2DMode":false,"pivot":{"x":0.30049073696136477,"y":0.2833666205406189,"z":-0.10326886177062988},"rotation":{"x":-0.031005440279841424,"y":0.9668967127799988,"z":-0.14346809685230256,"w":-0.20881272852420808},"size":2.443301200866699,"orthographic":false}