{"cameraMode":{"drawMode":0,"name":"Shaded","section":"Shading Mode"},"sceneLighting":false,"audioPlay":false,"sceneViewState":{"m_AlwaysRefresh":false,"showFog":true,"showSkybox":false,"showFlares":true,"showImageEffects":true,"showParticleSystems":true,"showVisualEffectGraphs":true,"m_FxEnabled":true},"in2DMode":false,"pivot":{"x":0.3157610595226288,"y":0.25485244393348696,"z":-0.1001405119895935},"rotation":{"x":-0.03288166970014572,"y":0.9661045670509338,"z":-0.15670786798000337,"w":-0.2025822252035141},"size":1.4541349411010743,"orthographic":false}