{"cameraMode":{"drawMode":0,"name":"Shaded","section":"Shading Mode"},"sceneLighting":false,"audioPlay":false,"sceneViewState":{"m_AlwaysRefresh":false,"showFog":true,"showSkybox":false,"showFlares":true,"showImageEffects":true,"showParticleSystems":true,"showVisualEffectGraphs":true,"m_FxEnabled":true},"in2DMode":false,"pivot":{"x":-0.8552353382110596,"y":2.2646169662475588,"z":-0.38475728034973147},"rotation":{"x":-0.01718447357416153,"y":0.9622423052787781,"z":-0.06244412437081337,"w":-0.26444125175476076},"size":4.452260971069336,"orthographic":false}